,group,group,group,group,group,group,group,group
stats,25%,50%,75%,count,max,mean,min,std
country,,,,,,,,
both,14.0,15.0,16.0,124.0,20.0,14.983870967741936,11.0,1.7483272887015657
tanzania,14.0,15.0,16.0,59.0,20.0,15.305084745762711,12.0,1.621559884250832
uganda,13.0,15.0,16.0,65.0,19.0,14.692307692307692,11.0,1.8193669651409399
